{"cameraMode":{"drawMode":0,"name":"Shaded","section":"Shading Mode"},"sceneLighting":true,"audioPlay":false,"sceneViewState":{"showFog":true,"showMaterialUpdate":false,"showSkybox":true,"showFlares":true,"showImageEffects":true,"showParticleSystems":true},"in2DMode":false,"pivot":{"x":470.9453125,"y":-25.906158447265626,"z":477.1479187011719},"rotation":{"x":-0.10480960458517075,"y":-0.8931528925895691,"z":0.3395652770996094,"w":-0.2756926417350769},"size":64.44529724121094,"orthographic":false}